Workbook

Sheet MoSCoW Analysis
A1: ID | B1: Requirement | C1: MoSCoW Category | D1: Impact on Users & Stakeholders (1-5) | E1: Feasibility: Time / Budget / Resources (1-5) | F1: Priority Score | G1: Impact Rationale | H1: Feasibility Rationale | I1: Justification for Category | J1: Suggested Release
A2: R1 | B2: Search books by title and author | C2: Must-Have | D2: 5 | E2: 5 | F2: =ROUND(#REF!*D2+#REF!*E2,1) -> #REF! | G2: Every member and librarian needs to find books; it is the most frequent action in the system. | H2: Standard database query/indexing; low effort, no extra cost or third-party tools. | I2: Without search, the catalog is unusable. High impact and very easy to build, so it is core to the MVP. | J2: Release 1 (MVP)
A3: R2 | B3: Online book reservation system | C3: Must-Have | D3: 5 | E3: 4 | F3: =ROUND(#REF!*D3+#REF!*E3,1) -> #REF! | G3: Lets members reserve borrowed or popular books remotely; reduces queues and manual work for staff. | H3: Needs reservation queue and availability logic, but is a well-understood web feature within normal budget. | I3: Online access is a central purpose of a modern library system and a key stakeholder expectation. | J3: Release 1 (MVP)
A4: R3 | B4: Monthly borrowed-books reports for administrators | C4: Should-Have | D4: 4 | E4: 4 | F4: =ROUND(#REF!*D4+#REF!*E4,1) -> #REF! | G4: Supports collection planning, budgeting and usage audits; not needed for daily circulation. | H4: Aggregation queries plus export (PDF/Excel); moderate effort once borrowing data exists. | I4: Important to administrators, but the system can run without it at launch. Can be done manually at first. | J4: Release 2
A5: R4 | B5: Email notifications for overdue books | C5: Should-Have | D5: 4 | E5: 4 | F5: =ROUND(#REF!*D5+#REF!*E5,1) -> #REF! | G5: Improves on-time returns and reduces lost books and manual follow-up calls. | H5: Needs scheduled jobs and an email service (SMTP/SendGrid); low recurring cost. | I5: High value and affordable, but staff can send reminders manually in the short term. | J5: Release 2
A6: R5 | B6: QR code scanning for borrowing and returning | C6: Could-Have | D6: 3 | E6: 3 | F6: =ROUND(#REF!*D6+#REF!*E6,1) -> #REF! | G6: Speeds up checkout and cuts errors, but barcode/manual entry already achieves the same result. | H6: Needs QR generation/labelling for all books, scanners or camera integration; moderate cost and rollout effort. | I6: A nice efficiency gain, not essential. Add if time and budget remain after core features. | J6: Release 3
A7: R6 | B7: User-friendly dashboard for librarians | C7: Must-Have | D7: 5 | E7: 4 | F7: =ROUND(#REF!*D7+#REF!*E7,1) -> #REF! | G7: Librarians use it daily to manage books, members, loans and reservations; poor UX hurts adoption. | H7: Standard web UI work using common frameworks; achievable with the core team. | I7: It is the main interface for the primary operators, so it must exist and be usable from day one. | J7: Release 1 (MVP)
A8: R7 | B8: Allow users to review and rate books | C8: Could-Have | D8: 3 | E8: 4 | F8: =ROUND(#REF!*D8+#REF!*E8,1) -> #REF! | G8: Increases engagement and helps readers choose books, but does not affect core operations. | H8: Simple CRUD plus average-rating calculation; low effort, but needs basic moderation. | I8: Desirable community feature with easy build, yet no stakeholder depends on it. Deferred behind core needs. | J8: Release 3
A9: R8 | B9: Integrate a chatbot for user assistance | C9: Won't-Have | D9: 2 | E9: 2 | F9: =ROUND(#REF!*D9+#REF!*E9,1) -> #REF! | G9: Helpful for FAQs, but search and a clear UI cover most user needs; limited incremental impact. | H9: Requires NLP/AI integration, training content, ongoing tuning and possibly licensing; high cost and effort. | I9: Low impact relative to cost and complexity. Excluded from this release; revisit later. | J9: Future (not this release)
A10: R9 | B10: Develop a mobile app version | C10: Won't-Have | D10: 4 | E10: 1 | F10: =ROUND(#REF!*D10+#REF!*E10,1) -> #REF! | G10: Convenient for members, but a responsive web app already provides mobile access. | H10: Separate iOS/Android development, app-store processes and extra maintenance; largest budget and time demand. | I10: Impact is real but feasibility is poor within current constraints. Deliver a mobile-responsive website now; native app later. | J10: Future (not this release)
A11: R10 | B11: Multi-language support | C11: Could-Have | D11: 3 | E11: 3 | F11: =ROUND(#REF!*D11+#REF!*E11,1) -> #REF! | G11: Valuable for diverse communities, but only if the user base needs it; unclear demand for launch. | H11: Needs internationalization framework and translations; moderate effort, easier if planned from the start. | I11: Beneficial but not critical. Build text with i18n-ready structure in MVP and add languages later. | J11: Release 3

Sheet Summary
A1: MoSCoW Summary
A3: Category | B3: Meaning | C3: Count | D3: Avg Impact | E3: Avg Feasibility
A4: Must-Have | B4: Critical for launch; the system fails without it. | C4: =COUNTIF('MoSCoW Analysis'!$C$2:$C$11,A4) -> 3 | D4: =IFERROR(AVERAGEIF('MoSCoW Analysis'!$C$2:$C$11,A4,'MoSCoW Analysis'!$D$2:$D$11),0) -> 5 | E4: =IFERROR(AVERAGEIF('MoSCoW Analysis'!$C$2:$C$11,A4,'MoSCoW Analysis'!$E$2:$E$11),0) -> 4.3333333
A5: Should-Have | B5: Important and valuable, but not vital for launch; workarounds exist. | C5: =COUNTIF('MoSCoW Analysis'!$C$2:$C$11,A5) -> 2 | D5: =IFERROR(AVERAGEIF('MoSCoW Analysis'!$C$2:$C$11,A5,'MoSCoW Analysis'!$D$2:$D$11),0) -> 4 | E5: =IFERROR(AVERAGEIF('MoSCoW Analysis'!$C$2:$C$11,A5,'MoSCoW Analysis'!$E$2:$E$11),0) -> 4
A6: Could-Have | B6: Desirable if time and budget allow; low impact if left out. | C6: =COUNTIF('MoSCoW Analysis'!$C$2:$C$11,A6) -> 3 | D6: =IFERROR(AVERAGEIF('MoSCoW Analysis'!$C$2:$C$11,A6,'MoSCoW Analysis'!$D$2:$D$11),0) -> 3 | E6: =IFERROR(AVERAGEIF('MoSCoW Analysis'!$C$2:$C$11,A6,'MoSCoW Analysis'!$E$2:$E$11),0) -> 3.3333333
A7: Won't-Have | B7: Agreed to be out of scope for this release; revisit later. | C7: =COUNTIF('MoSCoW Analysis'!$C$2:$C$11,A7) -> 2 | D7: =IFERROR(AVERAGEIF('MoSCoW Analysis'!$C$2:$C$11,A7,'MoSCoW Analysis'!$D$2:$D$11),0) -> 3 | E7: =IFERROR(AVERAGEIF('MoSCoW Analysis'!$C$2:$C$11,A7,'MoSCoW Analysis'!$E$2:$E$11),0) -> 1.5
A8: Total | C8: =SUM(C4:C7) -> 10
A10: Scoring guide
A11: • Impact (1-5): value to members, librarians and administrators (5 = essential to daily operations).
A12: • Feasibility (1-5): ease of delivery given time, budget and team resources (5 = quick, low cost; 1 = very costly or complex).
A13: • Priority Score = weighted average of Impact and Feasibility (weights editable on the analysis sheet).
A14: • Category is a judgment call guided by the score: high impact + high feasibility = Must; high impact but harder/less urgent = Should; moderate = Could; low feasibility or low value for now = Won't (this release).
A15: • Assumption: a small team and limited budget; a mobile-responsive website is assumed to cover mobile needs for now.
